{"Reward/coef_0": 0.36302000284194946, "Reward/coef_1": 4.246849060058594, "Reward/coef_2": 1.2326520681381226, "Reward/coef_3": -1.821412205696106, "Reward/coef_4": 0.18000002205371857, "Reward/coef_5": 1.3514161109924316, "Reward/loss": 0.32264589040027425, "_timestamp": 1706712202.4744344, "_runtime": 6276.273604393005, "_step": 100, "reward_gabriel_overall": 0.28525001041591147, "reward_gabriel_gap1": -0.14444442810835662, "reward_gabriel_gap2": 4.47241394273166, "reward_gabriel_gap3": -1.535416714847088, "reward_gabriel_gap4": 0.12678571737238328, "reward_gabriel_gap5": 1.1924242774645484, "reward_gabriel_gap6": -1.2951613376217501, "reward_gabriel_gap7": -1.2375000470450945}