{"Reward/coef_0": 2.1923205852508545, "Reward/coef_1": 3.792807102203369, "Reward/coef_2": 0.5654163956642151, "Reward/coef_3": -1.6378482580184937, "Reward/coef_4": 0.9340600371360779, "Reward/coef_5": 2.4685287475585938, "Reward/loss": 13.382602420966911, "_timestamp": 1706705833.3567715, "_runtime": 1191.6423754692078, "_step": 89}