{"Reward/coef_0": 0.647845983505249, "Reward/coef_1": 4.903702735900879, "Reward/coef_2": 1.7324903011322021, "Reward/coef_3": -0.4150957763195038, "Reward/coef_4": -0.6777933835983276, "Reward/coef_5": 1.0299345254898071, "Reward/loss": 0.6931471824645996, "_timestamp": 1706704284.4786634, "_runtime": 5553.593879461288, "_step": 199}