{"Reward/coef_0": 0.7965530753135681, "Reward/coef_1": 2.2654573917388916, "Reward/coef_2": 0.32775142788887024, "Reward/coef_3": 0.3151687979698181, "Reward/coef_4": -1.3384175300598145, "Reward/coef_5": 1.2543696165084839, "Reward/loss": 0.26516953110694885, "_timestamp": 1706698595.162766, "_runtime": 411.7947850227356, "_step": 579}